Real Address,"120 Parkridge Drive, Columbia, SC 29212",United States,South Carolina,Columbia,29215,Parkridge Drive,,34.084453,-81.1553897,https://www.hinoofcolumbia.com
Real Address,"1271 Jamison Road, what a",United States,New York,Town of Elma,14059,Jamison Road,1271,42.8058946,-78.6137366,https://www.rbroadconcrete.com
Real Address,"1593 Three Rod Road, Alden, New York 14004",United States,New York,Town of Alden,14004,Three Rod Road,1593,42.8443733,-78.5161166,https://www.rbroadconcrete.com
Real Address,"November 28, 2022 at 12",België / Belgique / Belgien,Région de Bruxelles-Capitale - Brussels Hoofdstedelijk Gewest,Etterbeek,1040,Avenue du Onze Novembre - Elf Novemberlaan,28,50.833045850000005,4.393889304492995,https://www.infometrica.com
Real Address,"November 28, 2022 By admin Categorized as Uncategorized 1 comment A WordPress Commenter says",België / Belgique / Belgien,Région de Bruxelles-Capitale - Brussels Hoofdstedelijk Gewest,Etterbeek,1040,Avenue du Onze Novembre - Elf Novemberlaan,28,50.833045850000005,4.393889304492995,https://www.infometrica.com
Real Address,2023 at 08,Österreich,Niederösterreich,Edlach an der Rax,2651,L136,,47.6820785,15.8084761,https://www.embcmonroe.org
Real Address,"503 Maurice Street City of Monroe, NC 28112",United States,North Carolina,,28112,,,34.915253795497385,-80.59808946244328,https://www.embcmonroe.org
Real Address,1420 to go 32,Deutschland,Rheinland-Pfalz,Mainz,55120,Industriestraße,32,50.0237051,8.2276561,https://www.embcmonroe.org
Real Address,"503 Maurice Street Monroe, NC 28112",United States,North Carolina,Monroe,28112,Maurice Street,503,34.97723889795918,-80.54360061224489,https://www.embcmonroe.org
Real Address,7170 or 610,Norge,,,6525,,,63.0387568,7.8341903,https://www.militiahillsecurity.com
Real Address,"110 Cedar Grove Road, Conshohocken, PA 19428",United States,Pennsylvania,Conshohocken,19428,Cedar Grove Road,110,40.0850494,-75.28416596292357,https://www.militiahillsecurity.com
Real Address,2024 En 2024,Österreich,,Wien,1110,Simmeringer Hauptstraße,,48.170141,16.4203675,https://www.decorativeartsbyjep.com
Real Address,"1700 Justin Rd Rockwall, TX 75087 United States",United States,Texas,Rockwall,75087,Justin Road,1700,32.9227239,-96.43678640739235,https://www.channell.com
Real Address,"1700 Justin Road, Rockwall, Texas 75087",United States,Texas,Rockwall,75087,Justin Road,1700,32.9227239,-96.43678640739235,https://www.channell.com
Real Address,"1700 Justin Rd, Rockwall, TX 75087",United States,Texas,Rockwall,75087,Justin Road,1700,32.9227239,-96.43678640739235,https://www.channell.com
Real Address,"2675 E Lone Mountain Rd, North Las Vegas, Nevada 89081",United States,Nevada,North Las Vegas,89081,East Lone Mountain Road,2675,36.24692480982384,-115.11368573721062,https://www.channell.com
Real Address,"26040 Ynes Rd, Temecula, California 92591",United States,California,Temecula,,,,33.4946353,-117.147366,https://www.channell.com
Real Address,"1804 Mt Vernon Ave., Alexandria, VA 22301",United States,Virginia,Alexandria,22301,Mount Vernon Avenue,1804,38.82291585,-77.05839275426726,https://www.washingtonareafuelfund.org
Real Address,"1000 Maine Avenue, SW Washington",United States,District of Columbia,Washington,20024,Maine Avenue Southwest,1000,38.88087385,-77.02662520928988,https://www.washingtonareafuelfund.org
Real Address,4915 Ox Rd,United States,Virginia,Fairfax Station,22030,Ox Road,4915,38.8223998,-77.3162046,https://www.washingtonareafuelfund.org
Real Address,"11690 Doolitte Drive, Waldorf, MD 20602",United States,Maryland,Waldorf,,,,38.6263882,-76.9106581,https://www.washingtonareafuelfund.org
Real Address,"9350 Metcalf Ave STE 210, Overland Park, KS 66212",United States,Kansas,Overland Park,,,,38.9742502,-94.6851702,https://www.tpcsecurity.com
Real Address,"155 Sansome Street, Suite 700, San Francisco, CA 94104",United States,California,San Francisco,94111,Sansome Street,155,37.791670249999996,-122.40126299719878,https://www.dillinghammurphy.com
Real Address,"155 Sansome Street, Suite 700 San Francisco",United States,California,San Francisco,94111,Sansome Street,155,37.791670249999996,-122.40126299719878,https://www.dillinghammurphy.com
Real Address,"601 Montgomery Street, Suite 1900, San Francisco, CA 94111",United States,California,San Francisco,94111,Montgomery Street,601,37.7948677,-122.403366,https://www.dillinghammurphy.com
Real Address,2023 by Dillingham,United States,North Carolina,,28709,,,35.7537245,-82.4067931,https://www.dillinghammurphy.com
Real Address,62366 HF activities,United States,Ohio,Piqua,45356,Piqua Activities Trail for Health,,40.1405201,-84.2799342,https://www.sage-research.com
Real Address,"295 Mahoney Drive, Unit K Telluride, CO 81432",United States,Colorado,Telluride,81435,Mahoney Drive,295,37.93876498979592,-107.82150030612245,https://www.sk4designs.com
Real Address,"5425 Peachtree Parkway Peachtree Corners, GA 30092",United States,Georgia,Peachtree Corners,30092,Peachtree Parkway Northwest,5425,33.97438500253909,-84.21968899737068,https://www.drpierrerousse.net
Real Address,"145 North Perry Street, Lawrenceville, GA 30046",United States,Georgia,Lawrenceville,30046,North Perry Street,145,33.95669745,-83.98995212156042,https://www.drpierrerousse.net
Real Address,"3822 E University Drive, Suite 5 Phoenix, AZ 85034",United States,Arizona,Phoenix,85034,East University Drive,3822,33.422060366341924,-112.00054764002478,https://www.drpierrerousse.net
Real Address,"1000 Brady Street, Davenport, IA 52803",United States,Iowa,Davenport,52803,Brady Street,1000,41.529475149999996,-90.57339171701217,https://www.drpierrerousse.net
Real Address,"4777 City Center Parkway, Port Orange, FL 32129",United States,Florida,Port Orange,32129,City Center Parkway,4777,29.1240619,-81.0175223,https://www.drpierrerousse.net
Real Address,"345 South Wetherly Drive, Beverly Hills, CA 90211",United States,California,Beverly Hills,90211,South Wetherly Drive,345,34.06114639756616,-118.38878275575075,https://www.ultimaterotator.com
Real Address,"1400 Terradyne Drive, Andover, KS 67002-9211",United States,Kansas,Andover,67002,Terradyne Drive,1400,37.7007294,-97.15043459626041,https://www.terradynecountryclub.com
Real Address,"1400 Terradyne Drive Andover, KS 67002-9211",United States,Kansas,Andover,67002,Terradyne Drive,1400,37.7007294,-97.15043459626041,https://www.terradynecountryclub.com
Real Address,1800 on 12,Canada,Ontario,Scugog,L0C 1B0,Scugog Line 12,1800,44.1744526,-78.9781148,https://www.twinpondsnashua.com
Real Address,"105 Spit Brook Rd, Nashua, NH 03062",United States,New Hampshire,Nashua,03062,Spit Brook Road,105,42.70450855,-71.45630506191378,https://www.twinpondsnashua.com
Real Address,"105 Spit Brook Rd Apt 21F Nashua, NH 03062-2920",Nederland,Fryslân,Scharnegoutum,8629 RB,NH,,53.0603634,5.6784904,https://www.twinpondsnashua.com
Real Address,"619 North Carroll Street, Carroll, Iowa 51401",United States,Iowa,Carroll,51401,North Carroll Street,619,42.066676478719195,-94.87008638402055,https://www.seedsourceag.com
Real Address,"1610 Chiefs Way, Wayne, NE 68787",United States,Nebraska,Wayne,,,,42.2303215,-97.0178768,https://www.seedsourceag.com
Real Address,"815 Commerce Drive, Suite 270 Oak Brook, IL 60523",United States,Illinois,Oak Brook,60523,Commerce Drive,815,41.849044375,-87.94399690384616,https://www.ncc.us
Real Address,"815 Commerce Dr. Suite 270 Oak Brook, IL 60523",United States,Illinois,Oak Brook,60523,,,41.83975862627451,-87.95300985019608,https://www.ncc.us
Real Address,"210 W Willow Ave Wheaton, IL 60187",United States,Illinois,Wheaton,60187,West Willow Avenue,210,41.863091857142855,-88.10849728571428,https://www.weberortho.com
Real Address,"138 Weldon Parkway, Maryland Heights, MO 63043",United States,Missouri,Maryland Heights,63043,Weldon Parkway,138,38.7103528,-90.4410638,https://www.gandwengineering.com
Real Address,"2300 South Center Street, Maryville, IL",United States,Illinois,Maryville,62062,South Center Street,2300,38.721615099999994,-89.95620540301894,https://www.gandwengineering.com
Real Address,"Chaussee 4, 10317 Berlin",Deutschland,,Berlin,10115,Chausseestraße,4,52.5276657,13.3869334,https://www.startupsucht.com
Real Address,"Unterste Eisengasse 30, 61267 Neu",Deutschland,Hessen,Neu-Anspach,61267,Unterste Eisengasse,30,50.304990000000004,8.503687213777374,https://www.startupsucht.com
Real Address,"1217 E Cape Coral Pkwy Suite #94 Cape Coral, FL 33991",United States,Florida,Cape Coral,33991,,,26.63149431331719,-82.00425006779662,https://www.bestnapleshomesearch.com
Real Address,"1217 E Cape Coral PKWY, Suite #94, Cape Coral, FL 33904",United States,Florida,Cape Coral,33904,Cape Coral Parkway East,1217,26.562492214073764,-81.9497364079592,https://www.bestnapleshomesearch.com
Real Address,37721 US 865,United States,North Carolina,Bryson City,28713,Buckner Branch Road,865,35.4168179,-83.47551385,https://www.caribbean-sea.org
Real Address,"9453 Bradmore Lane, suite 109",United Kingdom,England,Cambridge,CB1 2NN,Bradmore Lane,,52.2034761,0.1327118,https://www.caribbean-sea.org
Real Address,2019 is DIP,Australia,New South Wales,Sydney,2101,Slippery Dip Trail,,-33.7139375,151.2399574,https://www.caribbean-sea.org
Real Address,"7408 Tazewell Pike, Corryton, TN, 37721",United States,Tennessee,,37721,Tazewell Pike,7408,36.117734134944676,-83.85383829538992,https://www.caribbean-sea.org
Real Address,"7408 Tazewell Pike, Corryton, TN 37721",United States,Tennessee,,37721,Tazewell Pike,7408,36.117734134944676,-83.85383829538992,https://www.caribbean-sea.org
Real Address,"711 S. Carson Street, Suite 4 Carson City, NV 89701",United States,Nevada,Carson City,89701,South Carson Street,711,39.15982757142857,-119.7669,https://www.jandrcustomwalls.com
Real Address,"150 Prairie View Dr Suite 1 Manteno, IL 60950",United States,Illinois,Manteno,60950,,,41.2477005284585,-87.84578288063241,https://www.goleadingit.com
Real Address,2024 is clear,Australia,Queensland,Gold Coast City,4226,,,-28.0437627,153.3985228,https://www.goleadingit.com
Real Address,"7431 E State St, Suite 257, Rockford, IL 61108",United States,Illinois,Rockford,61108,East State Street,7431,42.2703164075667,-88.9714911033487,https://www.goleadingit.com
Real Address,"34 Minowan Miikan Lane, Toronto, Ontario, M6J 0G3 Canada",Canada,Ontario,Old Toronto,M6J 1H8,Minowan Miikan Lane,,43.6432363,-79.428036,https://www.neutresalon.com
Real Address,"And Spa 101 S Market Street, Frederick, MD 21701",United States,Maryland,Frederick,,,,39.415779,-77.4127562,https://www.neutresalon.com
Real Address,"101 S Market Street, Frederick, MD, 21701",United States,Maryland,Frederick,21701,South Market Street,101,39.411801,-77.411393,https://www.neutresalon.com
Real Address,"900 Camp Street, 3rd Floor New Orleans, LA 70130",United States,Louisiana,New Orleans,70130,Camp Street,900,29.9437776,-90.0708533,https://www.neutresalon.com
Real Address,"1618 Main Street Keokuk, IA 52632",United States,Iowa,Keokuk,52632,Main Street,1618,40.40458924067764,-91.39262252795115,https://www.chcseia.com
Real Address,"3543 East Kimberly Road, Davenport, IA 52807",United States,Iowa,Davenport,52807,East Kimberly Road,3543,41.5480102,-90.5233043,https://www.chcseia.com
Real Address,"117 South Main Street, Wapello, Iowa",United States,Iowa,Wapello,52653,South Main Street,117,41.17815080808081,-91.18535533333333,https://www.chcseia.com
Real Address,"1618 Main Street, Keokuk, IA 52632",United States,Iowa,Keokuk,52632,Main Street,1618,40.40458924067764,-91.39262252795115,https://www.chcseia.com
Real Address,4888 or 1,United States,Oregon,Portland,97229,Northwest Bethany Boulevard,4888,45.5548077,-122.8357446,https://www.chcseia.com
Real Address,"2409 Spring Street, Columbus City, IA 52737",United States,Iowa,Columbus City,52737,Spring Street,,41.2571551,-91.3706388,https://www.chcseia.com
Real Address,"and Dental Clinic 1706 West Agency Road, West Burlington, IA 52655",United States,Iowa,,52655,,,40.825083,-91.1565496,https://www.chcseia.com
Real Address,"400 North 17th Street Keokuk, IA 52632",United States,Iowa,Keokuk,52632,North 17th Street,400,40.407894,-91.38894,https://www.chcseia.com
Real Address,"1706 West Agency Road West Burlington, IA 52655",United States,Iowa,West Burlington,52655,West Agency Road,1706,40.8125305,-91.17578395395378,https://www.chcseia.com
Real Address,"1706 West Agency Road, Burlington, IA 52655",United States,Iowa,West Burlington,52655,West Agency Road,1706,40.8125305,-91.17578395395378,https://www.chcseia.com
Real Address,"1600 Amphitheatre Parkway, Mountain View, CA 94043",United States,California,Mountain View,94043,Amphitheatre Parkway,1600,37.4217636,-122.084614,https://www.onventis.de
Real Address,"1600 Amphitheatre Parkway Mountain View, CA 94043",United States,California,Mountain View,94043,Amphitheatre Parkway,1600,37.4217636,-122.084614,https://www.onventis.de
Real Address,"2029 Stierlin Court, Mountain View, CA 94043",United States,California,Mountain View,94043,Stierlin Court,2029,37.4232997,-122.07066141866548,https://www.onventis.de
Real Address,"1355 Market Street, Suite 900, San Francisco, CA 94103",United States,California,San Francisco,94103,Market Street,1355,37.776541949999995,-122.41680671574642,https://www.onventis.de
Real Address,"305 Sentinel Drive, Suite 105 Annapolis Junction, MD 20701",United States,Maryland,,20701,Sentinel Drive,305,39.12433387889993,-76.77217423825316,https://www.glacier.chat
Real Address,2024 GR Supra,Italia,Trentino-Alto Adige/Südtirol,Mühlwald - Selva dei Molini,39030,Graben,,46.8920664,11.851997,https://www.parkwaytoyota.com
Real Address,2023 GR Supra,Italia,Trentino-Alto Adige/Südtirol,Mühlwald - Selva dei Molini,39030,Graben,,46.8967893,11.8457642,https://www.parkwaytoyota.com
Real Address,"568-1299 . We are located at 235 Jackson Street, Englewood, NJ 07631",United States,New Jersey,Englewood,07361,,,40.8929329,-73.9726508,https://www.parkwaytoyota.com
Real Address,"50 Sylvan Avenue Englewood Cliffs, NJ 07632",United States,New Jersey,Englewood Cliffs,07632,Sylvan Avenue,50,40.89975,-73.9385315,https://www.parkwaytoyota.com
Real Address,2024 GR Corolla,Magyarország,Közép-Magyarország,Budapest,1089,Vajda Péter utca,15,47.4846598,19.095596250584308,https://www.parkwaytoyota.com
Real Address,"651 Brannan Street, San Francisco, CA 94107",United States,California,San Francisco,94107,Brannan Street,651,37.77570813513513,-122.39969605405406,https://www.photokina.de
Real Address,2025 in Köln,Deutschland,Nordrhein-Westfalen,Köln,51149,,,50.9045013,7.024678086456042,https://www.photokina.de
Real Address,"1 Hacker Way, Menlo Park, California 94025",United States,California,Menlo Park,94025,,1,37.484668049999996,-122.1483654685629,https://www.photokina.de
Real Address,"1000 West Maude Avenue, Sunnyvale CA 94085",United States,California,Sunnyvale,94085,West Maude Avenue,1000,37.3926737,-122.04202267984357,https://www.photokina.de
Real Address,"1600 Amphitheatre Parkway, Mountain View, CA 94043",United States,California,Mountain View,94043,Amphitheatre Parkway,1600,37.4217636,-122.084614,https://www.photokina.de
Real Address,"1355 Market Street, Suite 900, San Francisco, CA 94103",United States,California,San Francisco,94103,Market Street,1355,37.7762395,-122.4168763,https://www.photokina.de
Real Address,"1 Hacker Way, Menlo Park, CA 94025",United States,California,Menlo Park,94025,,1,37.484668049999996,-122.1483654685629,https://www.photokina.de
Real Address,"Nagelsweg 22, 20097 Hamburg",Deutschland,,Hamburg,20097,Nagelsweg,22,53.5479737,10.0185285,https://www.photokina.de
Real Address,"Hohenstaufenring 30-32, 50674 Köln",Deutschland,Nordrhein-Westfalen,Köln,50674,Hohenstaufenring,30-32,50.9315731,6.9408594,https://www.photokina.de
Real Address,"122 East Patrick Street, Suite 120, Frederick, MD 21701",United States,Maryland,Frederick,21701,East Patrick Street,122,39.41385685,-77.4078988689578,https://www.systemadix.com
Real Address,"finden QUORiON Data Systems GmbH An der Klinge 6, 99095 Erfurt",Deutschland,Thüringen,Erfurt,,,,50.9777974,11.0287364,https://www.quorion.de
Real Address,"Finden QUORiON Data Systems GmbH An der Klinge 6, 99095 Erfurt",Deutschland,Thüringen,Erfurt,,,,50.9777974,11.0287364,https://www.quorion.de
Real Address,"werden QUORiON Data Systems GmbH An der Klinge 6, 99095 Erfurt",Deutschland,Thüringen,Erfurt,,,,50.9777974,11.0287364,https://www.quorion.de
Real Address,"Find Reseller QUORiON Data Systems GmbH An der Klinge 6, 99095 Erfurt",Deutschland,Thüringen,Erfurt,,,,50.9777974,11.0287364,https://www.quorion.de
Real Address,"901 Cherry Avenue, San Bruno, CA 94066",United States,California,San Bruno,94066,Cherry Avenue,901,37.628145950000004,-122.4264270211096,https://www.quorion.de
Real Address,"1600 Amphitheatre Parkway, Mountain View, CA 94043",United States,California,Mountain View,94043,Amphitheatre Parkway,1600,37.4217636,-122.084614,https://www.quorion.de
Real Address,"QUORiON Data Systems GmbH QUORiON Data Systems GmbH An der Klinge 6, 99095 Erfurt",Deutschland,Thüringen,Erfurt,,,,50.9777974,11.0287364,https://www.quorion.de
Real Address,"245 First St, Ste 1800",Trinidad and Tobago,Princes Town,Sainte Madeleine,602418,First Street,,10.2723145,-61.4327511,https://www.schlafenderhase.com
Real Address,"800 Boylston Street, Suite 2475, Boston, MA, 02199",United States,Massachusetts,Boston,02199,Boylston Street,800,42.347203,-71.0808097,https://www.schlafenderhase.com
Real Address,"25 First Street, Cambridge, MA 02141 USA.",United States,Massachusetts,Cambridge,02141,First Street,25,42.3694571,-71.0775323,https://www.schlafenderhase.com
Real Address,"245 First Street, Suite 1800",United States,Massachusetts,Cambridge,02142,First Street,245,42.3637985,-71.0796656,https://www.schlafenderhase.com
Real Address,"5 Sydney Street, Chelsea, London SW3 6PU",United Kingdom,England,London,SW3 6JN,Sydney Street,5,51.49135155,-0.17210894578431413,https://www.schlafenderhase.com
Real Address,"1600 Amphitheatre Parkway, Mountain View, CA 94043",United States,California,Mountain View,94043,Amphitheatre Parkway,1600,37.4217636,-122.084614,https://www.schlafenderhase.com
Real Address,"February 12-14, 2024 At DIA",United States,Tennessee,,37659,,,36.333438,-82.4995913,https://www.schlafenderhase.com
Real Address,"9800 S. La Cienega Blvd., Suite 905 Inglewood, CA 90301",United States,California,Los Angeles,90301,South La Cienega Boulevard,9800,33.94743951685393,-118.3699431011236,https://www.cabwhp.org
Real Address,1828 or natalie,United States,Oregon,Bandon,97411,Natalie Way,,43.0966534,-124.4218453,https://www.cabwhp.org
Real Address,"1600 Amphitheatre Parkway, Mountain View, CA 94043 USA",United States,California,Mountain View,94043,Amphitheatre Parkway,1600,37.4217636,-122.084614,https://www.fogjoggers.com
Real Address,2024 in Hof Am 4,France,Grand Est,Sarrebourg,57400,,,48.7472641,7.0567605,https://www.kellerkommando.de
Real Address,"401 E Jackson St Ste 3300, Tampa, FL 33602",United States,Florida,Tampa,,,,27.9477595,-82.458444,https://www.gipreit.com
Real Address,"401 E Jackson St Ste 3300 Tampa, FL 33602",United States,Florida,Tampa,33602,,,27.9508709434492,-82.45629066082887,https://www.gipreit.com
Real Address,"1 State Street 30th Floor New York, NY 10004-1561",United States,New York,City of Yonkers,10708,Midland Avenue,1561,40.9324585,-73.8379824,https://www.gipreit.com
Real Address,"3024 W Swann Ave Tampa, FL 33609",United States,Florida,Tampa,33609,West Swann Avenue,3024,27.937363,-82.49248002131688,https://www.gipreit.com
Real Address,"401 E Jackson St, Tampa, Florida 33602",United States,Florida,Tampa,33602,East Jackson Street,401,27.9472264,-82.4560543,https://www.gipreit.com
Real Address,"3024 W SWANN AVE TAMPA, FL 33609",United States,Florida,Tampa,33609,West Swann Avenue,3024,27.937363,-82.49248002131688,https://www.gipreit.com
Real Address,"4 Grand Canal Square, Grand Canal Harbour",Éire / Ireland,Leinster,Dublin,D02 X525,Grand Canal Square,4,53.344867449999995,-6.240180369439869,https://www.lightweb-media.de
Real Address,"1601 S California Ave, Palo Alto, California 94304",United States,California,Palo Alto,94304,South California Avenue,1601,37.416941,-122.152474,https://www.lightweb-media.de
Real Address,"1600 Amphitheatre Parkway, Mountain View, CA 94043",United States,California,Mountain View,94043,Amphitheatre Parkway,1600,37.4217636,-122.084614,https://www.lightweb-media.de
Real Address,"4 Grand Canal Square, Grand Canal Harbour",Éire / Ireland,Leinster,Dublin,D02 X525,Grand Canal Square,4,53.344867449999995,-6.240180369439869,https://www.lieblingstasche.de
Real Address,"1600 Amphitheatre Parkway Mountain View, CA 94043",United States,California,Mountain View,94043,Amphitheatre Parkway,1600,37.4217636,-122.084614,https://www.lieblingstasche.de
Real Address,"4 Grand Canal Square, Dublin 2",Éire / Ireland,Leinster,Dublin,D02 X525,Grand Canal Square,4,53.344867449999995,-6.240180369439869,https://www.lieblingstasche.de
Real Address,"1 Hacker Way, Menlo Park, California 94025",United States,California,Menlo Park,94025,,1,37.484668049999996,-122.1483654685629,https://www.lieblingstasche.de
Real Address,"Posted by Alan Harrison on February 16, 2013 at 8",New Zealand / Aotearoa,Auckland,Auckland,1001,Hamer Street,,-36.83768465,174.7574570466999,https://www.tomgillam.com
Real Address,"2021 21st Ave. S. Suite B-104 Nashville, TN 37212",United States,Tennessee,Nashville-Davidson,37212,,,36.13650161980831,-86.79924201884984,https://www.tomgillam.com
Real Address,2013 CD Review,United Kingdom,England,London,SE15 4QY,Bellenden Road,131,51.467599449999994,-0.07225685952536995,https://www.tomgillam.com
Real Address,"4 Grand Canal Square, Grand Canal Harbour",Éire / Ireland,Leinster,Dublin,D02 X525,Grand Canal Square,4,53.344867449999995,-6.240180369439869,https://www.porzellanklinik-bremen.de
Real Address,"1600 Amphitheatre Pkwy, Mountain View, CA 94043-1351",United States,California,Mountain View,94043,Amphitheatre Parkway,1600,37.4217636,-122.084614,https://www.porzellanklinik-bremen.de
Real Address,"Grohner Markt 3, 28759 Bremen Hier Begleitschreiben Herunterladen",Deutschland,Bremen,Bremen,28759,Grohner Markt,3,53.1667389,8.631852170600858,https://www.porzellanklinik-bremen.de
Real Address,"1 Hacker Way, Menlo Park, CA 94025",United States,California,Menlo Park,94025,,1,37.484668049999996,-122.1483654685629,https://www.porzellanklinik-bremen.de
Real Address,"Adolphsplatz 1, 20457 Hamburg",Deutschland,,Hamburg,20457,Adolphsplatz,1,53.5498259,9.9912661,https://www.claritos.de
Real Address,"4 Grand Canal Square, Grand Canal Harbour",Éire / Ireland,Leinster,Dublin,D02 X525,Grand Canal Square,4,53.344867449999995,-6.240180369439869,https://www.claritos.de
Real Address,"4 Grand Canal Square, Dublin 2",Éire / Ireland,Leinster,Dublin,D02 X525,Grand Canal Square,4,53.344867449999995,-6.240180369439869,https://www.claritos.de
Real Address,"Wittelsbacherring 9, 53115 Bonn",Deutschland,Nordrhein-Westfalen,Bonn,53115,Wittelsbacherring,9,50.7328962,7.0871344,https://www.heilfastentherapie.com
Real Address,"736-4939 Location 7700 Las Vegas Blvd, Las Vegas, NV 89123",United States,Nevada,Las Vegas,,,,36.1672559,-115.148516,https://www.bootleggerlasvegas.com
Real Address,2024 BE Bert,België / Belgique / Belgien,Oost-Vlaanderen,Lebbeke,9200,,,50.9994141,4.0970757,https://www.igo-werbeartikel.de
Real Address,"447 Burton Road, Midway, Swadlincote, DE11 7NB",United Kingdom,England,South Derbyshire,DE11 7ND,Burton Road,,52.7814786,-1.5457093,https://www.kcrtransport.co.uk
Real Address,2014 at 50,Nederland,Noord-Holland,Overveen,2041 KZ,Zeeweg,,52.4017616,4.547674817202172,https://www.bergsonandeaton.com
Real Address,"4 Eastwood Court, Broadwater Road",United Kingdom,England,Bassetlaw,S81 7QT,Eastwood Court,4,53.3313942,-1.1220936273561808,https://www.bergsonandeaton.com
Real Address,"40 Rushworth Street, London, SE1 0RB",United Kingdom,England,London,SE1 0RB,Rushworth Street,40,51.50094955,-0.10118664879628994,https://www.bergsonandeaton.com
Real Address,"11 - 15 Bugle Street, Southampton, Hampshire, SO14 2AL, United Kingdom",United Kingdom,England,Southampton,SO14 2AH,Bugle Street,,50.8987026,-1.4060114,https://www.bergsonandeaton.com
Real Address,1680 kg Maße,France,Bourgogne-Franche-Comté,La Chapelle-Saint-Sauveur,71310,,,46.8444746,5.2780509,https://www.miet24.de
Real Address,2030 in the UN,France,Pays de la Loire,Saint-Léonard-des-Bois,72130,Rue du Gué Plard,,48.3532911,-0.0791079,https://www.cbm.org
Real Address,"150 Willis St, 6011",New Zealand / Aotearoa,Wellington,Wellington,6011,Willis Street,150,-41.2900857,174.7740542,https://www.cbm.org
Real Address,"Studios, 28 Commercial Street, London, London E1 6AB, GB",United Kingdom,England,London,E1 6AB,Commercial Street,28,51.5164459,-0.07188216295569236,https://www.highperformanceproductions.net
Real Address,"24-26 Easton Street, High Wycombe, Buckinghamshire, HP11 1NT",United Kingdom,England,High Wycombe,HP11 1NT,Easton Street,,51.6278619,-0.7457028,https://www.mentorgroup.co.uk
Real Address,"2767629 and whose registered office is at Abbey Place, 24",France,Nouvelle-Aquitaine,,,,,45.14291985,0.6321258058651044,https://www.mentorgroup.co.uk
Real Address,"575-599 Maxted Road, Hemel Hempstead, Hertfordshire, HP2 7DX",United Kingdom,England,Dacorum,HP1 1EW,,,51.7511784,-0.472528,https://www.mentorgroup.co.uk
Real Address,1220 in Vienna,Österreich,,Wien,1220,Leonard-Bernstein-Straße,,48.2350482,16.4188738,https://www.dpdlocal.co.uk
Real Address,"Krefelder Strasse 562, 41066 Mönchengladbach 20 Stanwix Street Pittsburgh",Deutschland,Nordrhein-Westfalen,Mönchengladbach,41066,Krefelder Straße,562,51.2219032,6.4814615,https://www.lampenwelt.de
Real Address,"20 Stanwix Street Pittsburgh, PA 15222",United States,Pennsylvania,Pittsburgh,15222,Stanwix Street,,40.4434784,-80.0046554,https://www.lampenwelt.de
Real Address,4703 in 4,United States,Indiana,Goshen,46527,East Lincoln Avenue,,41.5893027,-85.8180982,https://www.lampenwelt.de
Real Address,1050 cm 10,España,Castilla-La Mancha,Cabanillas del Campo,19171,CM-10,,40.6222856,-3.218506134547015,https://www.lampenwelt.de
Real Address,"4 Grand Canal Square, Grand Canal Harbour",Éire / Ireland,Leinster,Dublin,D02 X525,Grand Canal Square,4,53.344867449999995,-6.240180369439869,https://www.lampenwelt.de
Real Address,1999 in Hessen,France,Grand Est,Hesse,57400,,,48.6947976,7.0477801,https://www.lampenwelt.de
Real Address,3780 Ni 279,Deutschland,Niedersachsen,Bad Bentheim,48455,Gut Langen,279,52.3045233,7.136459787252123,https://www.lampenwelt.de
Real Address,"17 Princess Road, London, Greater London, NW1 8JR, UK",United Kingdom,England,London,NW1 8JJ,Princess Road,17,51.5389602,-0.1524366,https://www.screeninguk.com
Real Address,"17 Princess Road, London, Greater London NW1 8JR, UK",United Kingdom,England,London,NW1 8JJ,Princess Road,17,51.5389602,-0.1524366,https://www.screeninguk.com
Real Address,"368 Lichfield Road, Sutton Coldfield, B74 4BH, United Kingdom",United Kingdom,England,Birmingham,B74 4BH,Lichfield Road,368,52.58937765,-1.8314434020543975,https://www.avcon.co.uk
Real Address,"368 Lichfield Road, Sutton Coldfield, England B74 4BH, GB",United Kingdom,England,Birmingham,B74 4BH,Lichfield Road,368,52.58937765,-1.8314434020543975,https://www.avcon.co.uk
Real Address,4747 or charters,United States,Oregon,Astoria,97103,Industry Street,350,46.188750299999995,-123.85354174935281,https://www.avcon.co.uk
Real Address,"Derendorfer Allee 10, 40476 Düsseldorf",Deutschland,Nordrhein-Westfalen,Düsseldorf,40476,Derendorfer Allee,10,51.2535292,6.782000388375234,https://www.e-breuninger.de
Real Address,"4 Grand Canal Square, Grand Canal Harbour",Éire / Ireland,Leinster,Dublin,D02 X525,Grand Canal Square,4,53.344867449999995,-6.240180369439869,https://www.e-breuninger.de
Real Address,"Am Sandtorkai 50, 20457 Hamburg",Deutschland,,Hamburg,20457,Am Sandtorkai,50,53.5429933,9.9941045,https://www.e-breuninger.de
Real Address,"1600 Amphitheatre Parkway Mountain View, CA 94043",United States,California,Mountain View,94043,Amphitheatre Parkway,1600,37.4217636,-122.084614,https://www.e-breuninger.de
Real Address,"Allee 112, 60486 Frankfurt",Deutschland,Hessen,Frankfurt am Main,60486,Hamburger Allee,,50.1145406,8.6496344,https://www.e-breuninger.de
Real Address,"4 Barrow Street, Dublin D04 E5W5",New Zealand / Aotearoa,Southland,Invercargill City,9814,Barrow Street,4,-46.6017127,168.3477672,https://www.e-breuninger.de
Real Address,2024 um 9,Deutschland,Baden-Württemberg,Stuttgart,70182,Kernerplatz,9,48.784013099999996,9.189718275855775,https://www.e-breuninger.de
Real Address,"Philosophenweg 17, 47051 Duisburg",Deutschland,Nordrhein-Westfalen,Duisburg,47051,Philosophenweg,17-18,51.4402001,6.768284,https://www.e-breuninger.de
Real Address,"Marktstrasse 1-3, 70173 Stuttgart",Deutschland,Baden-Württemberg,Stuttgart,70173,Marktstraße,1-3,48.7750276,9.1799887,https://www.e-breuninger.de
Real Address,"One Front Street, Floor 28 San Francisco, CA 94111",United States,California,San Francisco,94111,Front Street,1,37.7918825,-122.39885190470946,https://www.e-breuninger.de
Real Address,"Mehringdamm 32-34, 10961 Berlin",Deutschland,,Berlin,10961,Mehringdamm,32/34,52.4935789,13.387729,https://www.e-breuninger.de
Real Address,"50, 1011 DJ Amsterdam",Nederland,Noord-Holland,Amsterdam,1031 CL,Tolhuisweg,,52.3842824,4.9052337,https://www.e-breuninger.de
Real Address,"Oberanger 27, 80331 München Arbeiten bei Breuninger Schon probiert",Deutschland,Bayern,Eichendorf,94428,Oberanger,27,48.63396265,12.853278625,https://www.e-breuninger.de
Real Address,"989 Market Street, San Francisco, CA 94103",United States,California,San Francisco,94102,Market Street,989,37.7824032,-122.4097724,https://www.e-breuninger.de
Real Address,"Oberanger 27, 80331 München Aktuelles GESPRÄCHSREIHE MIT BRAIN",Deutschland,Bayern,Eichendorf,94428,Oberanger,27,48.63396265,12.853278625,https://www.e-breuninger.de
Real Address,"Thomasgasse 2, 04109 Leipzig Mo",Deutschland,Sachsen,Leipzig,04109,Thomasgasse,2,51.3400433,12.3739787,https://www.e-breuninger.de
Real Address,"1600 Amphitheatre Parkway, Mountain View, CA 94043",United States,California,Mountain View,94043,Amphitheatre Parkway,1600,37.4217636,-122.084614,https://www.e-breuninger.de
Real Address,"49 Stevenson Street, Suite 950, San Francisco, CA 94105",United States,California,San Francisco,94105,Stevenson Street,49,37.7896766,-122.3996052,https://www.e-breuninger.de
Real Address,2022 in Orlando By,United States,Florida,Orlando,32821,Vineland Avenue,8623,28.3766939,-81.50198675087839,https://www.mojenta.com
Real Address,1000 is preferred,France,Île-de-France,Paris,75010,Rue de Compiègne,,48.8806129,2.3537913,https://www.mojenta.com
Real Address,"208 Ferme Park Road, London, N8 9BN",United Kingdom,England,London,N8 9BN,Ferme Park Road,,51.5805301,-0.1176139,https://www.redcircledigital.co.uk
Real Address,"5-11 Lavington Street, London, SE1 0NZ",United Kingdom,England,London,SE1 0NZ,Lavington Street,5-11,51.505182,-0.0999387,https://www.redcircledigital.co.uk
Real Address,3400 Of Funding,United Kingdom,England,Bristol,BS1 6QH,Rivergate,,51.45018035,-2.583159433791947,https://www.djrmarketing.co.uk
Real Address,"15 Warwick Road, Stratford-upon-Avon, Warwickshire CV37 6YW",United Kingdom,England,Stratford-on-Avon,CV37 6YW,Warwick Road,,52.1952544,-1.7022698,https://www.intellegentia.co.uk
Real Address,"15 Warwick Road, Stratford Upon Avon Warwickshire CV37 6YW",United Kingdom,England,Stratford-on-Avon,CV37 6YW,Warwick Road,,52.1952544,-1.7022698,https://www.intellegentia.co.uk
Real Address,"2 Woodfield Road, Welwyn Garden City, Hertforshire, AL7 1JQ",United Kingdom,England,Welwyn Hatfield,AL7 1JQ,Woodfield Road,,51.7990893,-0.1888789,https://www.burrowfieldautos.com
Real Address,"2 Woodfield Road, Welwyn Garden City, England, AL7 1JQ, United Kingdom",United Kingdom,England,Welwyn Hatfield,AL7 1JQ,Woodfield Road,,51.7990893,-0.1888789,https://www.burrowfieldautos.com
Real Address,2024 Hi Jamie,United States,Louisiana,,70092,Jamie Court,,29.907546,-89.89943,https://www.oliverharvey.co.uk
Real Address,2024 Hi Paul,New Zealand / Aotearoa,Auckland,Albert-Eden,1024,View Road,,-36.8720593,174.752619,https://www.oliverharvey.co.uk
Real Address,"43 - 55 Milford Street, Salisbury, Wiltshire, SP1 2BP",United Kingdom,England,Salisbury,SP1 2BP,Milford Street,,51.0685534,-1.7915436,https://www.montalt.co.uk
Real Address,"131 Carnamuff Road, Limavady, Northern Ireland, BT49 9JG",United Kingdom,Northern Ireland / Tuaisceart Éireann,,BT47 3EH,Carnamuff Road,,55.0400487,-7.0623949,https://www.seatingmatters.com
Real Address,"131 Carnamuff Road, Limavady, N. Ireland BT49 9JG",United Kingdom,Northern Ireland / Tuaisceart Éireann,,BT47 3EH,Carnamuff Road,,55.0400487,-7.0623949,https://www.seatingmatters.com
Real Address,"256 New Line Road, Dural NSW 2158 Distributor log in Contact First Name Last Name Email Phone State State New South Wales Queensland South Australia Tasmania Victoria Western Australia Australian Capital Territory Northern Territory Comment Submit Next Steps BOOK A FREE SEATING ASSESSMENT Arrange a free",Australia,New South Wales,Sydney,2158,New Line Road,256,-33.7003589,151.0282538,https://www.seatingmatters.com
Real Address,"131 Carnamuff Road, Limavady, N. Ireland, BT49 9JG",United Kingdom,Northern Ireland / Tuaisceart Éireann,Limavady,BT49 0EP,,,55.0504857,-6.9505134,https://www.seatingmatters.com
Real Address,"72 Hammersmith Road, London, UK W14 8TH, GB",United Kingdom,England,London,W14 0QL,Hammersmith Road,68-72,51.494706300000004,-0.2142237076244458,https://www.seatingmatters.com
Real Address,"300 International Drive, Suite 100, Buffalo, New York",United States,New York,Buffalo,14221,International Drive,300,42.97581805,-78.73053900621984,https://www.seatingmatters.com
Real Address,0101 By email,Deutschland,Bayern,Amberg,92224,Marienstraße,4,49.4449637,11.8682147,https://www.lagomdesign.co.uk
Real Address,2017 to September 2017,Australia,South Australia,,5607,September Beach to Carcase Rock,,-34.7604591,136.0128754,https://www.dissertationproposal.co.uk
Real Address,"by May 25, 2018 in its handling of personal data of persons in the European Economic Area",España,Andalucía,Cártama,29569,camino por el Rio Grande,,36.7240087,-4.7163084,https://www.principalge.com
Real Address,"2 Wilmot Place, London, NW1 9JS, GB",United Kingdom,England,London,NW1 9JW,Wilmot Place,2,51.54389965,-0.1390058520158452,https://www.principalge.com
Real Address,"247 Grays Inn Rd, London, WC1X 8QZ",United Kingdom,England,London,WC1X 8DP,Grays Inn Road,,51.5281321,-0.1190709,https://www.principalge.com
Real Address,"15 Palace St, Norwich, Norfolk, NR3 1RT",United Kingdom,England,Norwich,NR3 1RT,Palace Street,15,52.632488550000005,1.2992063677431447,https://www.rachaeltroughton.com
Real Address,"15 P alace Street, Norwich, Norfolk, NR3 1RT",United Kingdom,England,Norwich,,,,52.6285576,1.2923954,https://www.rachaeltroughton.com
Real Address,1998 in Germany,Deutschland,Nordrhein-Westfalen,Moers,47443,Nikolai-Martynenko-Weg,,51.4825036,6.6635682,https://www.surecps-group.com
Real Address,4301 or 1,United States,Oregon,Springfield,97478,Main Street,4301,44.04540195,-122.96022064900757,https://www.surecps-group.com
Real Address,2005 in the UK,United Kingdom,England,London,N6 6NH,Highgate West Hill,,51.5650939,-0.15338564500057433,https://www.surecps-group.com
Real Address,"2451 Crystal Drive, Suite 700",United States,Virginia,Arlington,22202,Crystal Drive,2451,38.85209385,-77.04918814281083,https://www.erikapineros.com
Real Address,"On December 10, 2023 to discuss the",United States,Indiana,Santa Claus,47579,December 25th Lane,10,38.099179926772216,-86.91906939286288,https://www.erikapineros.com
Real Address,"On June 22, 2018 we completed our seventh class of Lantern",Canada,Ontario,Toronto,M3L 1A2,June Avenue,22,43.720495,-79.5189975,https://www.plentyconsulting.com
Real Address,2013 to 2019,Norge,,Vinterbro,1407,,,59.7352139,10.7544194,https://www.plentyconsulting.com
Real Address,"March 16, 2020 at around 7",Österreich,Salzburg,Taxberg,5660,,16,47.28208685,12.963396200123338,https://www.plentyconsulting.com
Real Address,2016 to 2019,Norge,,Lillestrøm,2005,Dampsagveien,,59.9522081,11.0390847,https://www.plentyconsulting.com
Real Address,"rmacy, 23 Edinburgh Drive, Staines-Upon-Thames, Surrey, TW18 1PJ",United Kingdom,England,Staines-upon-Thames,TW18 1PH,Edinburgh Drive,,51.4242745,-0.4833601,https://www.hivepharmacy.com
Real Address,"23 Edinburgh Drive, Laleham",New Zealand / Aotearoa,Otago,Queenstown,9348,Edinburgh Drive,23,-45.0314522,168.6720036,https://www.hivepharmacy.com
Real Address,"23 Edinburgh Drive, Staines-Upon-Thames, England, TW18 1PJ",United Kingdom,England,Staines-upon-Thames,TW18 1PH,Edinburgh Drive,,51.4242745,-0.4833601,https://www.hivepharmacy.com
Real Address,2020 or beyond,United States,Oregon,Redmond,91156,Southwest Evergreen Avenue,339,44.2729871,-121.1719988,https://www.presentations.co.uk
Real Address,2004 on models,Canada,Ontario,London,N6A 3H1,Ann Street,140,42.9933109,-81.2560842,https://www.jccars.co.uk
Real Address,1972 on AM,Canada,Ontario,Toronto,M1L 2M6,,1966-1972,43.7298126,-79.28522099050033,https://www.jccars.co.uk
Real Address,"3 Ford Street, Salford M3 6DP We welcome any questions",South Africa,Western Cape,Cape Town,7925,Ford Street,3,-33.93411855,18.461031606628598,https://www.caritassalford.org.uk
Real Address,"104 Denmark Road, Manchester, M15 6JS",United Kingdom,England,Manchester,M15 6JS,Denmark Road,,53.4605911,-2.2383537,https://www.caritassalford.org.uk
Real Address,"4 Nobby Stiles Drive, Collyhurst, Manchester M4 4FA",United Kingdom,England,Manchester,M40 7LU,Nobby Stiles Drive,,53.4907206,-2.2261901,https://www.caritassalford.org.uk
Real Address,"63 Castle Street, Reading, RG1 7SN",United Kingdom,England,Reading,RG1 7SN,Castle Street,63,51.45213785,-0.9769189312452976,https://www.thirtyseven.agency
Real Address,"152 - 160 City Road, London, EC1V 2NX",United Kingdom,England,London,EC1V 2NX,City Road,152-160,51.5273229,-0.0888371,https://www.thirtyseven.agency
Real Address,1989 on Windows,Malaysia,Selangor,Majlis Perbandaran Kajang,,,,3.0393194,101.75267074871874,https://www.thirtyseven.agency
Real Address,"63 Castle Street, Reading, Berkshire, RG1 7SN",United Kingdom,England,Reading,RG1 7SN,Castle Street,63,51.45213785,-0.9769189312452976,https://www.thirtyseven.agency
Real Address,"199 Whitehall Road, Leeds, LS12 6EZ",United Kingdom,England,Leeds,LS12 6EP,Whitehall Road,,53.7853031,-1.5782002,https://www.inoutsolutions.co.uk
Real Address,"151 Brook St, Alva, FK12 5AW",United Kingdom,Alba / Scotland,Alva,FK12 5AN,Brook Street,,56.1515345,-3.7980975,https://www.nhsforthvalley.com
Real Address,2025 at 10,New Zealand / Aotearoa,Auckland,Auckland,1001,Hamer Street,,-36.83789885,174.757216,https://www.nhsforthvalley.com
Real Address,2024 at 9,Österreich,,Wien,,,,48.2083537,16.3725042,https://www.nhsforthvalley.com
Real Address,1874 is set up,United Kingdom,England,South Cambridgeshire,CB23 8DZ,Pick Up  Set Down,,52.25425,0.0188017,https://www.watts1874.co.uk
Real Address,"24 Oakfield Lane, Keston, Kent, BR2 6BY",United Kingdom,England,London,BR2 6BY,Oakfield Lane,,51.3650797,0.0312897,https://www.cornerfridge.com
Real Address,1978 in Norway,Slovensko,Prešovský kraj,Prešov,080 01,Volgogradská,13,49.0103827,21.2214649,https://www.cornerfridge.com
Real Address,"76 Vincent Square, London, SW1P 2PD",United Kingdom,England,London,SW1P 2PD,Vincent Square,76,51.4948317,-0.1356706,https://www.royalacademyofculinaryarts.org.uk
Real Address,"ster, 53 Park Lane, London, England, W1K 1QA, United Kingdom",United Kingdom,England,London,W1K 1QA,Park Lane,53,51.5072956,-0.15236344724427384,https://www.royalacademyofculinaryarts.org.uk
Real Address,"87-135 Brompton Road, London, England, SW1X 7XL, United Kingdom",United Kingdom,England,London,SW1X 7XL,Brompton Road,87-135,51.4992104,-0.16298931529660202,https://www.royalacademyofculinaryarts.org.uk
Real Address,"76 Vincent Square, London, England, SW1P 2PD, United Kingdom",United Kingdom,England,London,SW1P 2PD,Vincent Square,76,51.4948317,-0.1356706,https://www.royalacademyofculinaryarts.org.uk
Real Address,"20 Birchin Lane Birchin Court, Bank, London EC3V 9DU",United Kingdom,England,City of London,EC3V 9AA,Mansion House Place,,51.5131048,-0.0893749,https://www.royalacademyofculinaryarts.org.uk
Real Address,"76 Vincent Square, London SW1P 2PD Thank you so much to everyone who joined us for what was a very exciting Plenary Meeting at the beautiful",United Kingdom,England,London,SW1P 2PD,Vincent Square,76,51.4948317,-0.1356706,https://www.royalacademyofculinaryarts.org.uk
Real Address,"16 Carlos Place, London, England, W1K 2AL, United Kingdom",United Kingdom,England,London,W1K 2AL,Carlos Place,16,51.5102029,-0.1496856,https://www.royalacademyofculinaryarts.org.uk
Real Address,"76 Vincent Square, London SW1P 2PD Ticket Price",United Kingdom,England,London,SW1P 2PD,Vincent Square,76,51.4948317,-0.1356706,https://www.royalacademyofculinaryarts.org.uk
Real Address,"14 Wildmere Road, Banbury, England, OX16 3UU, United Kingdom",United Kingdom,England,Cherwell,OX16 3UU,Wildmere Road,,52.0739313,-1.3188918,https://www.royalacademyofculinaryarts.org.uk
Real Address,"76 Vincent Street, London, SW1P 2PD",United Kingdom,England,London,SW1P 4NJ,Vincent Street,,51.4928815,-0.1330642,https://www.royalacademyofculinaryarts.org.uk
Real Address,2023 at Claridge,United States,North Carolina,Apex,,,,35.728222099999996,-78.82237090166157,https://www.royalacademyofculinaryarts.org.uk
Real Address,"33 Albemarle Street, London, England, W1S 4BP, United Kingdom",United Kingdom,England,London,W1S 4JH,Albemarle Street,33,51.50927845,-0.14240844329798702,https://www.royalacademyofculinaryarts.org.uk
Real Address,"3 - 4 Park Court Riccall Road, Escrick YO19 6ED",United Kingdom,England,Escrick,YO19 6FF,A19,,53.869802,-1.0639787,https://www.royalacademyofculinaryarts.org.uk
Real Address,"90 York Way, London, England, N1 9AG, United Kingdom",United Kingdom,England,London,N1 9AG,York Way,90,51.5349626,-0.12176769339744022,https://www.royalacademyofculinaryarts.org.uk
Real Address,"76 Vincent Square, London SW1P 2PD www",United Kingdom,England,London,SW1P 2PD,Vincent Square,76,51.4948317,-0.1356706,https://www.royalacademyofculinaryarts.org.uk
Real Address,"43 Kirby Street, Arundel House, Unit 7-8 London, EC1N 8TE",United Kingdom,England,London,W3 8BD,Arundel House,,51.5045742,-0.273391,https://www.alfiebest.com
Real Address,"779780 Los Angeles 5900 Wilshire Boulevard Suite 2150 Los Angeles, CA 90036",Italia,Lombardia,Palosco,25037,,,45.5922165,9.8224461,https://www.maruhub.com
Real Address,"266 2847 San Francisco Two Embarcadero Center 9th Floor San Francisco, CA 94111",United States,California,San Francisco,94111,,,37.79513995642857,-122.39957899000001,https://www.maruhub.com
Real Address,"116 859 1868 Chicago 20 North Wacker Drive Suite 1400 Chicago, IL 60606",United States,Illinois,Chicago,60606,,,41.88267641102041,-87.63637171142857,https://www.maruhub.com
Real Address,"1 323 801 7400 New York 102 Madison Avenue 12th Floor New York, NY 10016",United States,New York,City of New York,10016,,,40.74551643143939,-73.97969713855218,https://www.maruhub.com
Real Address,2000 in 2013,Magyarország,Közép-Magyarország,Diósd,2049,Szent István tér,,47.4094173,18.9497585,https://www.exchequersolutions.co.uk
Real Address,"1 St John Street, Chester, Cheshire CH1 1DA, GB",United Kingdom,England,Chester,CH1 1HL,Saint John Street,1,53.1907022,-2.8878087,https://www.exchequersolutions.co.uk
Real Address,"1 St John Street, Chester, CH1 1DA",United Kingdom,England,Chester,CH1 1HL,Saint John Street,1,53.1907022,-2.8878087,https://www.exchequersolutions.co.uk
Real Address,"73 Watermill Way, Dartford, Kent, DA4 9BE",United Kingdom,England,Dartford,,,,51.4443059,0.21807,https://www.purplefizz.co.uk
Real Address,"73 Watermill Way, Dartford, DA4 9BE",United Kingdom,England,London,SW19 2RT,Watermill Way,,51.4132205,-0.1827223,https://www.purplefizz.co.uk
Real Address,"86 Station Road, West Wickham, Kent, BR4 0PU",United Kingdom,England,London,BR4 0PX,Station Road,,51.3766225,-0.0145087,https://www.purplefizz.co.uk
Real Address,"2 Clarendon Road, Belfast BT1 3FD",South Africa,Western Cape,Cape Town,7700,Clarendon Road,2,-33.94999795,18.478873558214314,https://www.moderntyres.com
Real Address,"1 London Bridge Street, London, SE1 9GF, United Kingdom",United Kingdom,England,London,SE1 9GF,London Bridge Street,,51.5052307,-0.0869431,https://www.moderntyres.com
Real Address,2013 or 2014,Norge,,,,,,59.0458085,11.5844983,https://www.clarkfoysterwines.co.uk
Real Address,"32943 at 15 South Ealing Rd, London, W5 4QT, UK",United Kingdom,England,London,,,,51.5074456,-0.1277653,https://www.clarkfoysterwines.co.uk
Real Address,"5 Indescon Square, Lighterman's Road, London. E14 9DQ",United Kingdom,England,London,,,,51.49844765,-0.020574082936658942,https://www.rentalsandsales.co.uk
Real Address,"2 Harvest Drive, Newbridge, EH28 9QJ",United Kingdom,Alba / Scotland,City of Edinburgh,EH28 8LH,Harvest Drive,,55.9367252,-3.3945258,https://www.lakesanddales.coop
Real Address,2013 at The Northern Hotel,United Kingdom,England,Manchester,M23 0WJ,Moorcroft Road,,53.4088221,-2.2932392,https://www.lakesanddales.coop
Real Address,"36-38 Raeburn Place, Stockbridge, Edinburgh, EH4 1HN",United Kingdom,Alba / Scotland,City of Edinburgh,EH4 1HN,Raeburn Place,36-38,55.9592558,-3.2115094,https://www.lakesanddales.coop
Real Address,"143 Boswall Parkway, Edinburgh 0131 551 5111 and is open Monday to Friday from 9am to 5pm and available via telephone 24 hours a day",United Kingdom,Alba / Scotland,City of Edinburgh,EH5 2BR,Boswall Parkway,,55.9758035,-3.2254161,https://www.lakesanddales.coop
Real Address,"2 Harvest Drive, Edinburgh EH28 8QJ Go Back News",United States,New Jersey,Hopewell Township,08534,Harvest Drive,2,40.31263525,-74.7884505205732,https://www.lakesanddales.coop
Real Address,"2 Harvest Drive, Newbridge, EH28 8QJ",United Kingdom,Alba / Scotland,City of Edinburgh,EH28 8LH,Harvest Drive,,55.9367252,-3.3945258,https://www.lakesanddales.coop
Real Address,1891 in Penrith at 21,United Kingdom,England,Ashton-in-Makerfield,WN4 8BE,Penrith Crescent,,53.4933946,-2.6381661,https://www.lakesanddales.coop
Real Address,"2 Harvest Drive, Edinburgh, EH28 8QJ",United Kingdom,Alba / Scotland,City of Edinburgh,EH28 8LH,Harvest Drive,,55.9367252,-3.3945258,https://www.lakesanddales.coop
Real Address,"2 Clerk Street, Brechin, Angus, DD9 6AE",United Kingdom,Alba / Scotland,Brechin,DD9 6AE,Clerk Street,2,56.732835949999995,-2.6586779734155983,https://www.lakesanddales.coop
Real Address,2016 to membership,Pilipinas,Pampanga,San Fernando,2000,,,15.04756105,120.69054563579596,https://www.lakesanddales.coop
Real Address,2013 at 23,Nederland,Noord-Holland,Overveen,2041 KZ,Zeeweg,,52.40058555,4.547368343726399,https://www.lakesanddales.coop
Real Address,"11 New Market Road, Edinburgh EH14 1RJ",United Kingdom,Alba / Scotland,City of Edinburgh,EH14 1RJ,New Market Road,11,55.9272393,-3.248008813685872,https://www.lakesanddales.coop
Real Address,4433 or contact us,France,Bourgogne-Franche-Comté,Arnay-sous-Vitteaux,21350,Espace Contact,,47.4547545,4.5025599,https://www.lakesanddales.coop
Real Address,"2 Freelands Place, Old Kilpatrick, G60 5ED",South Africa,KwaZulu-Natal,Pietermaritzburg,3201,Freelands Place,,-29.5981658,30.3599547,https://www.lakesanddales.coop
Real Address,"2 Harvest Drive, Newbridge, Hillwood House, EH28 8QJ",United Kingdom,Alba / Scotland,City of Edinburgh,EH28 8LH,Harvest Drive,,55.9367252,-3.3945258,https://www.lakesanddales.coop
Real Address,"61 John Street, Montrose DD10 8RJ",United Kingdom,Alba / Scotland,Montrose,DD10 8QY,John Street,61,56.7132444,-2.4635935,https://www.lakesanddales.coop
Real Address,"2 Harvest Drive, Edinburgh EH28 8QJ or scan and email to membership",United States,New Jersey,Hopewell Township,08534,Harvest Drive,2,40.31263525,-74.7884505205732,https://www.lakesanddales.coop
Real Address,1890 as an independent co,Canada,Newfoundland and Labrador,St. John's,A1C 1G3,King's Road,40,47.5686985,-52.7050205,https://www.lakesanddales.coop
Real Address,"110 Roseburn Street, Edinburgh, EH12 5PH",United Kingdom,Alba / Scotland,City of Edinburgh,EH12 5PT,Roseburn Street,,55.9428531,-3.2381215,https://www.lakesanddales.coop
Real Address,2023 at DoubleTree by Hilton,Österreich,,Wien,1140,Schlossallee,8,48.19133255,16.316588126089023,https://www.lakesanddales.coop
Real Address,"140-144 Saughtonhall Drive, Edinburgh EH12 5TT and is open from 7am to 11pm seven days a week",United Kingdom,Alba / Scotland,City of Edinburgh,EH12 5TR,Saughtonhall Drive,,55.9418836,-3.2516789,https://www.lakesanddales.coop
Real Address,"12 Priory Street, Cardigan, Wales, SA43 1BU",United Kingdom,Cymru / Wales,Aberteifi / Cardigan,SA43 1BU,Stryd y Priordy,12,52.083473049999995,-4.6589073636906715,https://www.dai-lewis.co.uk
Real Address,"15 Wind Street, Llandysul, Ceredigion, SA44 4BD",United Kingdom,Cymru / Wales,Llandysul,SA44 4BH,Wind Street,,52.0407188,-4.3099964,https://www.dai-lewis.co.uk
Real Address,"15 Lincoln Street, Llandysul Llanwern is a traditional town centre property with commercial Butcher shop to the ground floor and a self",United States,New Hampshire,Exeter,03833,Lincoln Street,15,42.9785566,-70.9561671,https://www.dai-lewis.co.uk
Real Address,"26 Foundry Lane, Horsham, RH13 5PX, GB",United Kingdom,England,Horsham,RH13 5PX,Foundry Lane,26,51.0722941,-0.3144459415452924,https://www.metricell.com
Real Address,"26 Foundry Lane, Horsham, United Kingdom, RH13 5PX",United Kingdom,England,Horsham,RH13 5PX,Foundry Lane,26,51.0722941,-0.3144459415452924,https://www.metricell.com
Real Address,"42 Curtain Road, London, EC2A 3NH",United Kingdom,England,London,EC2A 3NH,Curtain Road,,51.523431349999996,-0.08011849526366963,https://www.topmeadow.co.uk
Real Address,"121 Sutton Road, Barking, IG11 7XT",United Kingdom,England,London,IG11 7XT,Sutton Road,,51.5321729,0.09594,https://www.topmeadow.co.uk
Real Address,"2 Waltham Court Milley Lane, Hare Hatch",United Kingdom,England,Hare Hatch,RG10 9SH,,,51.495161,-0.8441887,https://www.laplacesolutions.com
Real Address,"222 Regent Street, London, England W1B 5TR, GB",United Kingdom,England,London,W1B 5BD,Regent Street,222,51.51361945,-0.14075050872612271,https://www.humatica.com
Real Address,"177 Bothwell Street, Glasgow Sector",United Kingdom,Alba / Scotland,Glasgow,G2 6TS,Bothwell Street,177,55.86143585,-4.265406419292967,https://www.henshaw.uk.com
Real Address,2022 is Glasgow,Australia,New South Wales,Sydney,2026,Glasgow Avenue,,-33.8868131,151.2740609,https://www.henshaw.uk.com
Real Address,"2 Stephen Street, London, W1T 1AN",United Kingdom,England,London,W1T 1BJ,Stephen Street,,51.517993,-0.1323342,https://www.slikmedia.co.uk
Real Address,"10 Farrington Way, Eastwood Link Business Park, Nottingham, NG16 3BF",United States,Maine,Dayton,04005,Farrington Way,10,43.55439133702964,-70.55545166292774,https://www.slikmedia.co.uk
Real Address,"12360 SW 132nd Court Suite #114, Miami. FL 33186",United States,Florida,,33182,Southwest 132nd Court,,25.7749166,-80.4094779,https://www.editorskeys.com
Real Address,2005 in Norwich,United Kingdom,England,Norwich,NR1 1RB,Rouen Road,,52.6263175,1.2989071,https://www.editorskeys.com
Real Address,"2012, 2010 US Coast Guard North Star Award for Excellence in Tourism Governor of Alaska Most Ethical Companies List 2012",Australia,New South Wales,Sydney,2012,,,-33.6932201,151.3099412,https://www.southamptoncruisecentre.com
Real Address,"and May 31, 2024 on select voyages",Canada,British Columbia,Area E (Balfour/Cottonwood Lake),V1L 6X4,May and Jenny Road,,49.4746835,-117.4076623,https://www.southamptoncruisecentre.com
Real Address,1914 by 80,Norge,,Fjellstad,2009,,,59.855655,11.1070446,https://www.southamptoncruisecentre.com
Real Address,1959 in Blackpool,United Kingdom,England,Trewoon,PL26 7TE,A3058,,50.33897225,-4.831065981070509,https://www.southamptoncruisecentre.com
Real Address,2026 On A Cruise,Canada,Ontario,Ottawa,K4A 4E7,Portobello Boulevard,1968,45.466168749999994,-75.46686695020426,https://www.southamptoncruisecentre.com
Real Address,"39 Test Road, Eastern Docks, Southampton, SO14 3GG",United Kingdom,England,Southampton,SO14 3GG,Test Road,Berth 38-39,50.88458995,-1.3955627881783246,https://www.southamptoncruisecentre.com
Real Address,2025 or 2026 cruise,United States,Oregon,Bend,97701,Northeast Cruise Loop,,44.0839391,-121.2748932,https://www.southamptoncruisecentre.com
Real Address,"298 Highfield Road, Blackpool, Lancashire, FY4 3JU",United Kingdom,England,,FY4 3JX,Highfield Road,,53.7887957,-3.0280253,https://www.southamptoncruisecentre.com
Real Address,"15 Calton Road, Edinburgh, EH8 8DL",United Kingdom,Alba / Scotland,City of Edinburgh,EH8 8DL,Calton Road,15,55.9530831,-3.1867162,https://www.edinburghbiketours.co.uk
Real Address,"24-26 Adelaide Street, Belfast, BT2 8GD",United Kingdom,Northern Ireland / Tuaisceart Éireann,Belfast,BT1 8FE,Adelaide Street,,54.595082,-5.9284651,https://www.thepheasant-keyston.co.uk
Real Address,"2 Upper Teddington Road, Kingston-Upon-Thames, Surrey. KT1 4DY",United Kingdom,England,London,KT9 1DP,Kingston Bypass,,51.3757863,-0.3078255,https://www.missionlimited.com
Real Address,"2 Upper Teddington Road, Kingston-Upon-Thames, Surrey, KT1 4DY",United Kingdom,England,London,KT9 1DP,Kingston Bypass,,51.3757863,-0.3078255,https://www.missionlimited.com
Real Address,"1 Romilly Crescent, Canton Cardiff, CF10 2NY",United Kingdom,Cymru / Wales,Cardiff,CF11 9NP,Romilly Crescent,1,51.48451665,-3.200517724812597,https://www.burgonandball.com
Real Address,"148 Ballylesson Road, Belfast, Northrn Ireland, BT8 8JU",United Kingdom,Northern Ireland / Tuaisceart Éireann,Belfast,BT8 8JU,Ballylesson Road,148,54.5323497,-5.95153350591168,https://www.burgonandball.com
Real Address,"1-11 London Street, Norwich, Norfolk, NR2 1JF",United Kingdom,England,Norwich,NR2 1LF,London Street,,52.6290903,1.2942224,https://www.burgonandball.com
Real Address,"79 North Street, Chichester, West Sussex, PO19 1LQ",United Kingdom,England,Chichester,PO19 1HD,North Street,,50.8377068,-0.7787735,https://www.burgonandball.com
Real Address,"16 New Burlington Place, London, London, W1S 2HX",United Kingdom,England,City of Westminster,W1S 2HR,New Burlington Place,,51.5122287,-0.1410639,https://www.burgonandball.com
Real Address,"100 High Street, Hythe, Kent, CT21 5LE",United Kingdom,England,Folkestone and Hythe,CT21 5LD,High Street,,51.0716263,1.0854138,https://www.burgonandball.com
Real Address,"46 Gainsborough Street, Sudbury, Suffolk, CO10 2EU",United Kingdom,England,Babergh,CO10 2EU,Gainsborough Street,46,52.0382381,0.7285326,https://www.burgonandball.com
Real Address,"22 Wellfield Road, Roath, Cardiff, CF24 3PB",United Kingdom,Cymru / Wales,Cardiff,CF24 3PB,Wellfield Road,22,51.4950715,-3.1654318,https://www.burgonandball.com
Real Address,"166 Hyde End Road, Shinfield, Reading, RG2 9ER",United Kingdom,England,Spencers Wood,RG2 9ER,Hyde End Road,166,51.395823,-0.9543224798275622,https://www.burgonandball.com
Real Address,"122 High Street, Hungerford, Berkshire, RG17 0DL",United Kingdom,England,Hungerford,RG17 0DL,High Street,122,51.4156063,-1.514835024303947,https://www.burgonandball.com
Real Address,"15 High Street, Tadworth, Surrey, KT20 5QU",United Kingdom,England,Reigate and Banstead,KT20 5QU,High Street,15,51.2882387,-0.2327635,https://www.burgonandball.com
Real Address,"22 The Square, Beaminster, Dorset, DT8 3AU",United Kingdom,England,Beaminster,DT8 3AS,The Square,,50.8088703,-2.7391189,https://www.burgonandball.com
Real Address,"21 Church Street, Cheadle Hulme",United Kingdom,England,Cheadle,SK8 1DB,Church Street,,53.3946369,-2.2170421,https://www.burgonandball.com
Real Address,"15 Main Street, Turriff",United Kingdom,Alba / Scotland,Turriff,AB53 4AB,Main Street,15,57.5379268,-2.460267,https://www.burgonandball.com
Real Address,"17 Market Place, Bedale, North Yorkshire, DL8 1ED",United Kingdom,England,Bedale,DL8 1EE,Market Place,,54.288655,-1.592184,https://www.burgonandball.com
Real Address,"4 High Wood Way, Barlborough Links, Chesterfield, S43 4XN",United Kingdom,England,Clowne,S43 4WN,Oxcroft Way,,53.27868825,-1.2795838804321729,https://www.burgonandball.com
Real Address,"51 High Street, Tenterden, Kent, TN30 6BH",United Kingdom,England,Tenterden,TN30 6BD,High Street,51,51.0680236,0.6869737,https://www.burgonandball.com
Real Address,"6 Sayers Lane, Tenterden, Kent, TN30 6BW",United Kingdom,England,Tenterden,TN30 6BW,Sayers Lane,,51.068535,0.6883555,https://www.burgonandball.com
Real Address,"120 Cambridge Road, Great Shelford",United Kingdom,England,South Cambridgeshire,CB22 5JS,Cambridge Road,120,52.16002935,0.12648060000000155,https://www.burgonandball.com
Real Address,"91 Main Street, Burley In Wharfedale",United Kingdom,England,Bradford,LS29 7JF,Main Street,,53.9157752,-1.7541392,https://www.burgonandball.com
Real Address,"7 Romilly Road, Canton Cardiff, CF11 9NP",United Kingdom,Cymru / Wales,Cardiff,CF5 1FN,Romilly Road,7,51.4852975,-3.2059957666279084,https://www.burgonandball.com
Real Address,"152 Columbia Road, London, London, E2 7RG",United Kingdom,England,London,E2 7RG,Columbia Road,152,51.5295592,-0.0689617,https://www.burgonandball.com
Real Address,"40 West Street, Horsham, West Sussex, RH12 1PP",United Kingdom,England,Horsham,RH12 1PP,West Street,40,51.0632306,-0.3314035722743898,https://www.burgonandball.com
Real Address,"2 Barker Drive, St Pancras Way, London, NW1 0JW",United Kingdom,England,London,NW1 0JZ,Barker Drive,,51.5405728,-0.1335146,https://www.burgonandball.com
Real Address,"370-372 Sharrow Vale Road, Sheffield, South Yorkshire, S11 8ZP",United Kingdom,England,Sheffield,S11 8ZP,Sharrow Vale Road,370-372,53.3673492,-1.5001027422107525,https://www.burgonandball.com
Real Address,"8-12 Red Cross Road, Goring, Oxfordshire, RG8 9HG",United Kingdom,England,South Oxfordshire,RG8 9HG,Red Cross Road,,51.5226562,-1.1341394,https://www.burgonandball.com
Real Address,"75 Kings Inch Drive, Glasgow, Scotland, G51 4FB",United Kingdom,Alba / Scotland,Glasgow,G2 1DY,,,55.861155,-4.2501687,https://www.burgonandball.com
Real Address,"21 Morden Hall Road, Morden, Surrey, SM4 5JD",United Kingdom,England,London,SM4 5JD,Morden Hall Road,,51.4015595,-0.1901411,https://www.burgonandball.com
Real Address,"167 Gloucester Road, Bishopston",United Kingdom,England,Bristol,BS7 8BE,Gloucester Road,167,51.4744413,-2.5913299452857137,https://www.burgonandball.com
Real Address,"1-3 Halkyn Street, Flint, Cheshire, CH6 5HY",United Kingdom,Cymru / Wales,Flint,CH6 5HY,Halkyn Street,1-3,53.2466285,-3.1380325,https://www.burgonandball.com
Real Address,"10 Ludlow Lane, Penarth, Cardiff, CF64 1EA",United Kingdom,Cymru / Wales,Penarth,CF64 1EA,Ludlow Lane,,51.4393743,-3.1738052,https://www.burgonandball.com
Real Address,"77 Park Hall Road, West Dulwich, London, SE21 8ES",United Kingdom,England,London,SE21 8SZ,Park Hall Road,,51.4360533,-0.0906049,https://www.burgonandball.com
Real Address,"45 High Street, Reigate, Surrey, RH2 9AE",United Kingdom,England,Reigate and Banstead,SM7 2NH,High Street,45,51.3224867,-0.2025947,https://www.burgonandball.com
Real Address,"324 Hull Road, Woodmansey",United Kingdom,England,Woodmansey,HU17 0XL,Hull Road,,53.8342701,-0.4060329,https://www.burgonandball.com
Real Address,"70 Chamberlayne Road, London, London, NW10 3JJ",United Kingdom,England,London,NW10 3JJ,Chamberlayne Road,70,51.53236375,-0.2179564415112904,https://www.burgonandball.com
Real Address,"11-13 Market Street, Hebden Bridge, Yorkshire, HX7 6EU",United Kingdom,England,Calderdale,HX7 6AA,Market Street,,53.7413494,-2.0159569,https://www.burgonandball.com
Real Address,"36 High Street, Broadway, Worcestershire, WR12 7DT",United Kingdom,England,Wychavon,WR12 7DP,High Street,,52.0360385,-1.860463,https://www.burgonandball.com
Real Address,"18 Staithe Street, Wells next the Sea, Norfolk, NR23 1AF",United Kingdom,England,North Norfolk,NR23 1AF,Staithe Street,,52.9553315,0.8521684,https://www.burgonandball.com
Real Address,"195 Upper Street, Islington, London, N1 1RQ",United Kingdom,England,London,N1 1RG,Upper Street,194-195,51.54261285,-0.10329683513755214,https://www.burgonandball.com
Real Address,"14 Market Square, Winslow, Buckinghamshire, MK18 3AF",United Kingdom,England,Bromyard,HR7 4BW,Market Square,14,52.1889809,-2.5046447,https://www.burgonandball.com
Real Address,"42 Station Road, Fordham",United Kingdom,England,East Cambridgeshire,CB7 5LW,Station Road,42,52.306452500000006,0.37784652456427126,https://www.burgonandball.com
Real Address,"76 High Street, Godalming, Surrey, GU7 1DU",United Kingdom,England,Waverley,GU7 1AL,High Street,,51.1854651,-0.6143218,https://www.burgonandball.com
Real Address,"7 church Street, Ripley, Derbyshire, DE5 3BU",United Kingdom,England,Amber Valley,DE5 3BU,Church Street,7,53.05104945,-1.4063148601952946,https://www.burgonandball.com
Real Address,"45 Queen Street, Ramsgate, Kent, CT11 9DZ",United Kingdom,England,Thanet,CT11 9EB,Queen Street,,51.3330627,1.4183921,https://www.burgonandball.com
Real Address,"12 High Street, Pangbourne, Berkshire, RG8 7AB",United Kingdom,England,Pangbourne,RG8 7AB,High Street,,51.4837691,-1.0872878,https://www.burgonandball.com
Real Address,"58 Northcote Road, Battersea, London, SW11 1PA",United Kingdom,England,London,SW11 1PA,Northcote Road,58,51.4587927,-0.166396,https://www.burgonandball.com
Real Address,"68-70 Park Street, Bristol, Somerset, BS1 5JY",United Kingdom,England,Bristol,BS1 5PJ,Park Street,,51.4556294,-2.6042364,https://www.burgonandball.com
Real Address,"9 Penfold Street, Aylsham, Norfolk, NR11 6ET",United Kingdom,England,Broadland,NR11 6ET,Penfold Street,,52.7954334,1.2495047,https://www.burgonandball.com
Real Address,"20 Northbrook Street, Newbury, Berkshire, RG14 1DJ",United Kingdom,England,Newbury,RG14 1DQ,Northbrook Street,,51.4030056,-1.3244406,https://www.burgonandball.com
Real Address,"2 Granville Court, Shipston",United Kingdom,England,Stratford-on-Avon,CV36 4PP,Granville Court,,52.062789,-1.6240964,https://www.burgonandball.com
Real Address,"51-53 Over Lane, Almondsbury",United Kingdom,England,Almondsbury,BS32 4BS,Over Lane,,51.5468315,-2.5825061,https://www.burgonandball.com
Real Address,"338 Southport Road, Leyland",United Kingdom,England,Chorley,PR26 8LQ,Southport Road,338,53.6638323,-2.748387,https://www.burgonandball.com
Real Address,"5 Brewery Lane, Sevenoaks, Kent, TN13 1DF",United Kingdom,England,Sevenoaks,TN13 1UP,Brewery Lane,,51.27166,0.1923495,https://www.burgonandball.com
Real Address,"3 Market Place, Cockermouth, Cumbria, CA13 9NQ",United Kingdom,England,Cockermouth,CA13 9NH,Market Place,3,54.6638983,-3.3600443,https://www.burgonandball.com
Real Address,"19 Oakham Drive, Sheffield S3 9QX, UK",United Kingdom,England,Sheffield,S3 9QY,Oakham Drive,,53.3953217,-1.4750346,https://www.burgonandball.com
Real Address,"22 West Street, Haslemere, Surrey, GU27 2AB",United Kingdom,England,Waverley,GU27 2AB,West Street,,51.088832,-0.7100409,https://www.burgonandball.com
Real Address,"19 Oakham Drive, Parkwood Industrial Estate, Sheffield S3 9QX, UK",United Kingdom,England,Sheffield,S3 9QY,Oakham Drive,,53.3953217,-1.4750346,https://www.burgonandball.com
Real Address,"21-23 Widemarsh Street, Hereford, Herefordshire, HR4 9EE",United Kingdom,England,Hereford,HR4 9EA,Widemarsh Street,,52.0574271,-2.7163335,https://www.burgonandball.com
Real Address,"25 St Margarets Road, Canterbury, Kent, CT1 2SG",United Kingdom,England,Thanet,CT7 0HJ,St. Margarets Road,,51.3565152,1.342503,https://www.burgonandball.com
Real Address,"117 High Street, Auchterarder",United Kingdom,Alba / Scotland,Auchterarder,PH3 1FL,High Street,,56.2981577,-3.7023668,https://www.burgonandball.com
Real Address,"155 Burwood Road, Hersham, Surrey, KT12 4AR",United Kingdom,England,Elmbridge,KT12 4AR,Burwood Road,,51.361933,-0.4127114,https://www.burgonandball.com
Real Address,"33-41 Chiltern Avenue, Amersham, Buckinghamshire., HP6 5AE",United Kingdom,England,Amersham,HP6 5AE,Chiltern Avenue,,51.6760192,-0.6033794,https://www.bill-medical.co.uk
Real Address,"27 New Dover Road, Canterbury",United Kingdom,England,Canterbury,CT1 3DN,New Dover Road,27,51.27465945,1.0886344500000051,https://www.bill-medical.co.uk
Real Address,"10 Blackburn Road, Bathgate, EH48 2EY",United Kingdom,Alba / Scotland,Blackburn,EH48 2EQ,Blackburn Road,,55.8836273,-3.624564,https://www.pollock.co.uk
Real Address,"Within the Group we have a number of accreditations to ISO including ISO 9001, 28000 and 14001",Portugal,,Anadia,,,,40.4426833,-8.4359581,https://www.thebelfieldgroup.com
Real Address,"57 Churchill Way, Nelson, Lancashire BB9 6RT",United Kingdom,England,Pendle,BB9 6RT,Churchill Way,,53.8339844,-2.2307014,https://www.thebelfieldgroup.com
Real Address,2014 as Operations Manager,Tanzania,Kigoma,,47001,Kigoma Avenue,,-4.8768601,29.6278072,https://www.thebelfieldgroup.com
Real Address,"Deadline is November 17, 2023 at 6",New Zealand / Aotearoa,Auckland,Auckland,1001,Hamer Street,,-36.83747655,174.75769185000001,https://www.atpi.org
Real Address,"ATPI Winter Conference will be March 1-2, 2024 in Austin",United States,Indiana,Austin,47102,,,38.75839,-85.8080251,https://www.atpi.org
Real Address,2000 Bo Allaire,France,Hauts-de-France,Fourmies,59610,Rue Arlette Allaire,,50.0144098,4.0693282,https://www.atpi.org
Real Address,1934 by G,Sverige,,Rångedala,516 93,Bygatan,,57.7905633,13.1228565,https://www.combemill.co.uk
Real Address,"25 minute drive, the later offering sweeping views over the reserve",United States,Pennsylvania,West Hempfield Township,17512,Minute Drive,,40.03595,-76.457677,https://www.freedomdestinations.co.uk
Real Address,2024 Hi Alison,United Kingdom,England,London,HA5 2QZ,Alison Close,,51.5841957,-0.4028499,https://www.freedomdestinations.co.uk
Real Address,2024 Hi Michelle,México,,Ciudad de México,08930,Calle Miguel García García,,19.3863937,-99.1132019,https://www.freedomdestinations.co.uk
Real Address,"75 Federal Street, Boston, MA 02110",United States,Massachusetts,Boston,02110,Federal Street,75,42.355244400000004,-71.05693041374465,https://www.concreteplatform.com
Real Address,1015 BT Amsterdam,Nederland,Noord-Holland,Amsterdam,,,,52.3730796,4.8924534,https://www.concreteplatform.com
Real Address,"6 Prince Georges Road, Colliers Wood, SW19 2PX",United Kingdom,England,London,SW19 2PX,Prince George's Road,6,51.4130674,-0.1763318218875643,https://www.vcut.co.uk
Real Address,"75 Turnmill Street, London, EC1M 5SY",United Kingdom,England,London,EC1M 5SY,Turnmill Street,75A,51.5212766,-0.105154,https://www.vcut.co.uk
Real Address,"1-2 Newman Road, Croydon, CR0 3JX",United Kingdom,England,London,CR0 3JX,Newman Road,,51.3824458,-0.1214393,https://www.vcut.co.uk
Real Address,"39 Oxford Street, Newbury, RG14 1JG, GB",United Kingdom,England,Newbury,RG14 1JB,Oxford Street,,51.4059059,-1.3259568,https://www.vcut.co.uk
Real Address,"Cut Ltd, Unit 8 Dundas Close, Portsmouth, PO3 5RB",United Kingdom,England,Portsmouth,PO3 5NX,Dundas Close,,50.820564,-1.0542027,https://www.vcut.co.uk
Real Address,"34 - 40 Station Road, Finchley, London N3 2RY",United Kingdom,England,London,N3 2SB,Station Road,,51.6006281,-0.1929207,https://www.vcut.co.uk
Real Address,"314 Balham High Road, Balham, SW17 7AA",United Kingdom,England,London,SW17 7AA,Balham High Road,,51.4358378,-0.1592593,https://www.vcut.co.uk
Real Address,"71 Lower Baggot Street, Dublin",Éire / Ireland,Leinster,Dublin,D02 YC83,Baggot Street Lower,71,53.334753,-6.245656236661154,https://www.edgecumbe.co.uk
Real Address,"88 High Street, Nailsea, Bristol, BS48 1AS",United Kingdom,England,Bristol,BS48 1AS,High Street,88,51.4344728,-2.754842895183221,https://www.edgecumbe.co.uk
Real Address,2018 to June 2023,België / Belgique / Belgien,Namur,Laforêt,5550,Pont de Claies (June to Sept),,49.859158,4.9335543,https://www.salisburycitycouncil.gov.uk
Real Address,2022 in Salisbury,United States,Indiana,Richmond,47374,Salisbury Road,,39.869777,-84.939278,https://www.salisburycitycouncil.gov.uk
Real Address,"59 Catherine Street, Salisbury",United Kingdom,England,Salisbury,SP1 2DQ,Catherine Street,,51.067587,-1.7937783,https://www.salisburycitycouncil.gov.uk
Real Address,"59 Catherine Street, SP1 2DH",United Kingdom,England,Reading,RG30 1DG,Catherine Street,59,51.45672055,-0.9934682784999995,https://www.salisburycitycouncil.gov.uk
Real Address,"58 - 60 Pinewood Way, Bemerton Heath, SP2 9HU",United Kingdom,England,Salisbury,SP2 9HU,Pinewood Way,,51.0841652,-1.8330042,https://www.salisburycitycouncil.gov.uk
Real Address,"347 Fifth Avenue, New York, NY 10016",United States,New York,Town of Southold,11944,Fifth Avenue,347,41.1034914109589,-72.36620178082192,https://www.dillonmusic.com
Real Address,2500 Bb Trumpet,Sverige,,Helsingborg,252 71,Trumpetgatan,,55.9980719,12.7538075,https://www.dillonmusic.com
Real Address,"634-3399 Get Directions 325 Fulton St Woodbridge, NJ 07095",United States,New Jersey,,07095,,,40.55713212370618,-74.28056456777963,https://www.dillonmusic.com
Real Address,3450 CC tuba,Nederland,Noord-Brabant,'s-Hertogenbosch,5231 DM,Tuba,,51.7146768,5.2998647,https://www.dillonmusic.com
Real Address,19037 Bb Trumpet,United States,Maryland,Perry Hall,21236,Trumpet Court,,39.40477,-76.47551,https://www.dillonmusic.com
Real Address,"325 Fulton Street, Woodbridge, NJ 07095",United States,New Jersey,Woodbridge Township,07095,Fulton Street,325,40.55269155555556,-74.27736144444444,https://www.dillonmusic.com
Real Address,1975 to 1979,United States,Texas,Martindale,78655,Farm-to-Market Road 1979,,29.8327561,-97.842212,https://www.dillonmusic.com
Real Address,"325 FULTON STREET WOODBRIDGE, NJ 07095",United States,New Jersey,Woodbridge Township,07095,Fulton Street,325,40.55269155555556,-74.27736144444444,https://www.dillonmusic.com
Real Address,4000 Bb Trumpet,South Africa,KwaZulu-Natal,Durban,4037,Trumpet Place,,-29.7797457,30.9720616,https://www.dillonmusic.com
Real Address,6000 Bb Trumpet,Australia,Western Australia,,6110,Trumpet Street,,-32.110233,115.9514497,https://www.dillonmusic.com
Real Address,1500 Bb Trumpet,South Africa,Gauteng,,1501,Trumpet Street,,-26.1332687,28.3449285,https://www.dillonmusic.com
Real Address,2330 Bb Trumpet,South Africa,Gauteng,,,Trumpet Street,,-26.3501701,28.3586325,https://www.dillonmusic.com
Real Address,2341 Bb Tuba,Nederland,Zuid-Holland,De Lier,2678 AB,Tuba,,51.9749214,4.2410133,https://www.dillonmusic.com
Real Address,2014 to 2021,Norge,,Vinterbro,1407,,,59.7352139,10.7544194,https://www.surreywildlifetrust.org
Real Address,"10 St Bride Street, London, EC4A 4AD",United Kingdom,England,City of London,EC4A 4AD,St. Bride Street,10,51.51498655,-0.10496222656141373,https://www.surreywildlifetrust.org
Real Address,1960 to over 26,Latvija,Latgale,Daugavpils,LV-5422,gaisa tilts uz Jauno Foršstati,,55.8972859,26.531526,https://www.surreywildlifetrust.org
Real Address,1600 or before,United States,Alaska,,,"SECRETS OF SPANISH FLORIDA - A SECRETS OF THE DEAD SPECIAL Archaeologists, scientists and historians reveal the little-known history of America's Spanish colonists who settled in Florida in 1565, long before Jamestown or Plymouth.",,55.0961672,-163.2356487,https://www.surreywildlifetrust.org
Real Address,70460 to donate,United Kingdom,Cymru / Wales,Pontypool,NP4 6LY,Pontypool Indoor Market,,51.70222,-3.0416337,https://www.surreywildlifetrust.org
Real Address,1917 in Suffolk,United Kingdom,England,Ardleigh,CO7 7LR,Coggeshall Road,,51.9317292,0.9935955,https://www.essexcommunityfoundation.org.uk
Real Address,1947 by Stuart,Deutschland,Bayern,Ingolstadt,85055,Isaak-Newton-Straße,,48.78347115,11.477247421667755,https://www.essexcommunityfoundation.org.uk
Real Address,"3 Hoffmanns Way, Chelmsford, CM1 1GU",United Kingdom,England,Chelmsford,CM1 1GU,Hoffmanns Way,3,51.74075395,0.4778225891646489,https://www.essexcommunityfoundation.org.uk
Real Address,"15800 W Overland Dr, New Berlin, Wisconsin 53151",United States,Wisconsin,New Berlin,53151,West Overland Drive,15800,43.0010525,-88.11084699466619,https://www.bwpapersystems.com
Real Address,"1731 Cofrin Dr, Green Bay, WI 54302",United States,Wisconsin,Green Bay,54302,Cofrin Drive,1731,44.5193594814744,-87.97900780388787,https://www.bwpapersystems.com
Real Address,"139 Ballydugan Road, DOWNPATRICK",United Kingdom,Northern Ireland / Tuaisceart Éireann,Downpatrick,BT27 5RW,Ballydugan Road,,54.3086636,-5.7469431,https://www.ciob.org
Real Address,"3555 Fourth Ave San Diego, CA 92103",United States,California,Escondido,92025,West 4th Avenue,,33.1133244,-117.0902396,https://www.wardblawg.com
Real Address,"109 York Avenue, Suite 201, Weatherford, Texas 76086",United States,Texas,Weatherford,76086,York Avenue,109,32.7594124,-97.7981808,https://www.wardblawg.com
Real Address,"1117 East Passyunk Ave, Philadelphia, PA, 19147",United States,Pennsylvania,Philadelphia,19147,East Passyunk Avenue,1117,39.93533195,-75.1565952303246,https://www.wardblawg.com
Real Address,"179 Ala Street, 179 171",United States,Alabama,Hackleburg,35564,Ala Street,179,34.27207331875337,-87.81615126115595,https://www.intelligent-protection.co.uk
Real Address,"172 Herbert Chitepo Avenue, Harare",Zimbabwe,Harare Province,Harare,,Herbert Chitepo Avenue,,-17.8261936,31.0306888,https://www.intelligent-protection.co.uk
Real Address,"7 Ave, Kigali",Rwanda,Umujyi wa Kigali,Kicukiro,,KK 44 Avenue,7,-1.9804382999999999,30.091416134131386,https://www.intelligent-protection.co.uk
Real Address,"934 Fifth Avenue, New York, NY 10021",United States,New York,City of New York,10110,Fifth Avenue Tower Urban Plaza,,40.7515177,-73.98156623058387,https://www.intelligent-protection.co.uk
Real Address,"9 St, Asmara",Italia,Lombardia,Milano,20125,Via Asmara,,45.5006191,9.195198,https://www.intelligent-protection.co.uk
Real Address,"19 St Clair Avenue, St Clair",United States,Illinois,East St. Louis,62201,Saint Clair Avenue,19,38.63971408333333,-90.154517375,https://www.intelligent-protection.co.uk
Real Address,"6071 Brevard Rd Etowah, NC 28729",United States,North Carolina,,28729,Brevard Road,6071,35.32339463131965,-82.57923247059287,https://www.andersrice.com
Real Address,1948 to J,Italia,Piemonte,Caselle Torinese,10077,Via Aldo Devietti Goggia,,45.1951089,7.6521223,https://www.andersrice.com
Real Address,2018 as a part,United Kingdom,England,Leeds,LS27 7GZ,Bridleway,,53.7579147,-1.5954397,https://www.andersrice.com
Real Address,"15 Lovett Ln Waynesville, NC 28786",United States,North Carolina,Waynesville,28786,,,35.48080076646375,-82.99116050160487,https://www.andersrice.com
Real Address,"462 Sweeten Creek Rd Asheville, NC 28803",United States,North Carolina,Asheville,28803,Sweeten Creek Road,462,35.54509187746613,-82.52173229574439,https://www.andersrice.com
Real Address,"329 Merrimon Ave Asheville, NC 28801",United States,North Carolina,Asheville,28801,Merrimon Avenue,329,35.61068989764397,-82.55473289645157,https://www.andersrice.com
Real Address,"224 6th Avenue Hendersonville, NC 28792",United States,North Carolina,Hendersonville,28792,6th Avenue East,224,35.31884342857143,-82.45906014285714,https://www.andersrice.com
Real Address,"2120 Hendersonville Rd Arden, NC 28704",United States,North Carolina,Fletcher,28704,Hendersonville Road,2603,35.4490302,-82.5090444,https://www.andersrice.com
Real Address,"3025 Mail Service Center Raleigh, NC 27699-3025",United States,North Carolina,,28056,Lauren Court,,35.178657,-81.179155,https://www.andersrice.com
Real Address,"205 College Street Asheville, NC 28801",United States,North Carolina,Asheville,28801,College Street,205,35.596695110945255,-82.54806627431259,https://www.andersrice.com
Real Address,"1065 Haywood Rd Asheville, NC 28806",United States,North Carolina,Asheville,28806,Haywood Road,1065,35.58262314810118,-82.60512937951259,https://www.andersrice.com
Real Address,"1914 Old Haywood Rd Asheville, NC 28806",United States,North Carolina,Asheville,28806,Old Haywood Road,1914,35.563894000000005,-82.63299417705103,https://www.andersrice.com
Real Address,"5 Regent Park Blvd Asheville, NC 28806",United States,North Carolina,Asheville,28806,Regent Park Boulevard,5,35.58905756544295,-82.58194524447241,https://www.andersrice.com
Real Address,"1468 Patton Ave Asheville, NC 28806",United States,North Carolina,Asheville,28806,Patton Avenue,1468,35.577982921071175,-82.60948925802278,https://www.andersrice.com
Real Address,"509 Biltmore Avenue Asheville, NC 28801",United States,North Carolina,Asheville,28801,Biltmore Avenue,509,35.578253000000004,-82.548688,https://www.andersrice.com
Real Address,"22 Westgate Pkwy Asheville, NC 28806",United States,North Carolina,Asheville,28806,Westgate Parkway,22,35.5909681,-82.57577235199382,https://www.andersrice.com
Real Address,"17 Merrimon Ave Weaverville, NC 28787",United States,North Carolina,Weaverville,28787,Merrimon Avenue,17,35.695671250000004,-82.56242021897769,https://www.andersrice.com
Real Address,"1428 Patton Avenue, Asheville, NC 28806",United States,North Carolina,Asheville,28806,Patton Avenue,1428,35.578350225262774,-82.60901746168902,https://www.andersrice.com
Real Address,2024 as a part,United Kingdom,England,Leeds,LS27 7GZ,Bridleway,,53.7579147,-1.5954397,https://www.andersrice.com
Real Address,"1 Resort Dr Asheville, NC 28806",United States,North Carolina,Asheville,28806,Resort Drive,1,35.594484949999995,-82.5802103130116,https://www.andersrice.com
Real Address,"40 Coxe Avenue Asheville, NC 28801",United States,North Carolina,Asheville,28802,Coxe Avenue,40,35.59328955,-82.55497940393482,https://www.andersrice.com
Real Address,"435 Smokey Park Highway Asheville, NC 28806",United States,North Carolina,Asheville,28806,Smokey Park Highway,435,35.55696145,-82.64114403833699,https://www.andersrice.com
Real Address,"251 North Main Street Winston Salem, NC 27155",United States,North Carolina,Winston-Salem,27101,North Main Street,251,36.09706448979592,-80.24366773469387,https://www.andersrice.com
